{"d2b8249c-cedd-804e-8003-4444e67eb541":{"textTransform":"none","fontFamily":"DM Sans","fontStyle":"normal","fontWeight":"400","lineHeight":"1.2","path":"","letterSpacing":"0","name":"DM Sans Regular","fontVariantId":"regular","fontSize":"12","fontId":"gfont-dm-sans"},"d2b8249c-cedd-804e-8003-4447602ed025":{"textTransform":"none","fontFamily":"DM Sans","fontStyle":"normal","fontWeight":"400","lineHeight":"1.2","letterSpacing":"0","name":"DM Sans Regular","fontVariantId":"regular","fontSize":"15","fontId":"gfont-dm-sans"}}