{"4b02ce54-a0c1-8062-8003-4351acfab2c3":{"textTransform":"none","fontFamily":"DM Sans","fontStyle":"normal","fontWeight":"700","lineHeight":"1.2","path":"","letterSpacing":"0","name":"H3","fontVariantId":"700","fontSize":"18","fontId":"gfont-dm-sans"},"4b02ce54-a0c1-8062-8003-4351afc1aa9f":{"textTransform":"none","fontFamily":"DM Sans","fontStyle":"normal","fontWeight":"700","lineHeight":"1.2","path":"","letterSpacing":"0","name":"H2","fontVariantId":"700","fontSize":"24","fontId":"gfont-dm-sans"},"4b02ce54-a0c1-8062-8003-4351acfaf058":{"textTransform":"none","fontFamily":"DM Sans","fontStyle":"normal","fontWeight":"700","lineHeight":"1.2","path":"","letterSpacing":"0","name":"H5","fontVariantId":"700","fontSize":"14","fontId":"gfont-dm-sans"},"4b02ce54-a0c1-8062-8003-4351afd309d8":{"textTransform":"none","fontFamily":"DM Sans","fontStyle":"normal","fontWeight":"700","lineHeight":"1.2","path":"","letterSpacing":"0","name":"H6","fontVariantId":"700","fontSize":"12","fontId":"gfont-dm-sans"},"4b02ce54-a0c1-8062-8003-4351acfc6624":{"textTransform":"none","fontFamily":"DM Sans","fontStyle":"normal","fontWeight":"700","lineHeight":"1.2","path":"","letterSpacing":"0","name":"H4","fontVariantId":"700","fontSize":"16","fontId":"gfont-dm-sans"},"4b02ce54-a0c1-8062-8003-4351afc1aa9e":{"textTransform":"none","fontFamily":"DM Sans","fontStyle":"normal","fontWeight":"700","lineHeight":"1.2","path":"","letterSpacing":"0","name":"H1","fontVariantId":"700","fontSize":"30","fontId":"gfont-dm-sans"},"4b02ce54-a0c1-8062-8003-4351afc39fc9":{"textTransform":"none","fontFamily":"DM Sans","fontStyle":"normal","fontWeight":"400","lineHeight":"1.2","path":"","letterSpacing":"0","name":"Paragraph","fontVariantId":"regular","fontSize":"24","fontId":"gfont-dm-sans"}}